{"cameraMode":{"drawMode":0,"name":"Shaded","section":"Shading Mode"},"sceneLighting":true,"audioPlay":false,"sceneViewState":{"showFog":true,"showMaterialUpdate":false,"showSkybox":true,"showFlares":true,"showImageEffects":true,"showParticleSystems":true},"in2DMode":false,"pivot":{"x":387.23162841796877,"y":293.29779052734377,"z":-70.95984649658203},"rotation":{"x":0.15858523547649384,"y":-0.02517891302704811,"z":0.004045553971081972,"w":0.9870172739028931},"size":593.6387939453125,"orthographic":false}