{"cameraMode":{"drawMode":0,"name":"Shaded","section":"Shading Mode"},"sceneLighting":false,"audioPlay":false,"sceneViewState":{"showFog":false,"showMaterialUpdate":false,"showSkybox":false,"showFlares":false,"showImageEffects":false,"showParticleSystems":false},"in2DMode":false,"pivot":{"x":261.05352783203127,"y":1.2202534675598145,"z":171.8369598388672},"rotation":{"x":-0.19969461858272553,"y":0.26263704895973208,"z":-0.0556369423866272,"w":-0.9423936009407044},"size":5.65015172958374,"orthographic":false}