{"cameraMode":{"drawMode":0,"name":"Shaded","section":"Shading Mode"},"sceneLighting":true,"audioPlay":false,"sceneViewState":{"showFog":false,"showMaterialUpdate":false,"showSkybox":false,"showFlares":false,"showImageEffects":false,"showParticleSystems":false},"in2DMode":false,"pivot":{"x":2.3424549102783205,"y":9.048439025878907,"z":-11.908783912658692},"rotation":{"x":0.21459287405014039,"y":-0.4309524893760681,"z":0.10627295076847077,"w":0.8700544834136963},"size":8.242398262023926,"orthographic":false}