{"cameraMode":{"drawMode":0,"name":"Shaded","section":"Shading Mode"},"sceneLighting":false,"audioPlay":false,"sceneViewState":{"showFog":false,"showMaterialUpdate":false,"showSkybox":false,"showFlares":false,"showImageEffects":false,"showParticleSystems":false},"in2DMode":false,"pivot":{"x":261.0422058105469,"y":1.9797818660736085,"z":173.1367645263672},"rotation":{"x":-0.3455533981323242,"y":-0.31045863032341006,"z":0.12233705073595047,"w":-0.8770965337753296},"size":1.0350003242492676,"orthographic":false}