{"cameraMode":{"drawMode":0,"name":"Shaded","section":"Shading Mode"},"sceneLighting":true,"audioPlay":false,"sceneViewState":{"showFog":false,"showMaterialUpdate":false,"showSkybox":false,"showFlares":false,"showImageEffects":false,"showParticleSystems":false},"in2DMode":false,"pivot":{"x":2.919032096862793,"y":0.7616662979125977,"z":-1.8852629661560059},"rotation":{"x":-0.08951056748628617,"y":0.887703537940979,"z":-0.19507069885730744,"w":-0.4073334336280823},"size":11.342476844787598,"orthographic":false}