{"cameraMode":{"drawMode":0,"name":"Shaded","section":"Shading Mode"},"sceneLighting":true,"audioPlay":false,"sceneViewState":{"showFog":false,"showMaterialUpdate":false,"showSkybox":false,"showFlares":false,"showImageEffects":false,"showParticleSystems":false},"in2DMode":false,"pivot":{"x":1.273416519165039,"y":9.660508155822754,"z":-7.865776538848877},"rotation":{"x":-0.22879557311534882,"y":0.4969603717327118,"z":-0.13769613206386567,"w":-0.825692892074585},"size":18.511375427246095,"orthographic":false}