{"cameraMode":{"drawMode":0,"name":"Shaded","section":"Shading Mode"},"sceneLighting":true,"audioPlay":false,"sceneViewState":{"showFog":false,"showMaterialUpdate":false,"showSkybox":false,"showFlares":false,"showImageEffects":false,"showParticleSystems":false},"in2DMode":false,"pivot":{"x":262.4891357421875,"y":2.398033380508423,"z":179.91041564941407},"rotation":{"x":-0.11271190643310547,"y":-0.341086745262146,"z":0.04124600440263748,"w":-0.9323663711547852},"size":13.969720840454102,"orthographic":false}