{"cameraMode":{"drawMode":0,"name":"Shaded","section":"Shading Mode"},"sceneLighting":true,"audioPlay":false,"sceneViewState":{"showFog":false,"showMaterialUpdate":false,"showSkybox":false,"showFlares":false,"showImageEffects":false,"showParticleSystems":false},"in2DMode":false,"pivot":{"x":14.818260192871094,"y":13.305421829223633,"z":7.419162273406982},"rotation":{"x":-0.14115750789642335,"y":0.7205488681793213,"z":-0.1538105458021164,"w":-0.6612516641616821},"size":6.771078109741211,"orthographic":false}