{"cameraMode":{"drawMode":0,"name":"Shaded","section":"Shading Mode"},"sceneLighting":true,"audioPlay":false,"sceneViewState":{"showFog":false,"showMaterialUpdate":false,"showSkybox":false,"showFlares":false,"showImageEffects":false,"showParticleSystems":false},"in2DMode":false,"pivot":{"x":-4.642404556274414,"y":2.4987659454345705,"z":4.968714714050293},"rotation":{"x":-0.4323898255825043,"y":-0.12456420063972473,"z":0.060449834913015369,"w":-0.8909937739372253},"size":22.0,"orthographic":false}