{"cameraMode":{"drawMode":0,"name":"Shaded","section":"Shading Mode"},"sceneLighting":false,"audioPlay":false,"sceneViewState":{"showFog":false,"showMaterialUpdate":false,"showSkybox":false,"showFlares":false,"showImageEffects":false,"showParticleSystems":false},"in2DMode":false,"pivot":{"x":3.6942315101623537,"y":7.071806907653809,"z":-10.345863342285157},"rotation":{"x":-0.18901443481445313,"y":0.4516837000846863,"z":-0.09854644536972046,"w":-0.8663397431373596},"size":15.384544372558594,"orthographic":false}