{"cameraMode":{"drawMode":0,"name":"Shaded","section":"Shading Mode"},"sceneLighting":true,"audioPlay":false,"sceneViewState":{"showFog":true,"showMaterialUpdate":false,"showSkybox":true,"showFlares":true,"showImageEffects":true,"showParticleSystems":true},"in2DMode":false,"pivot":{"x":-0.0129556804895401,"y":-49.206748962402347,"z":108.89619445800781},"rotation":{"x":-0.05772567167878151,"y":0.9389846920967102,"z":-0.276946485042572,"w":-0.19573888182640077},"size":262.3209533691406,"orthographic":false}