{"cameraMode":{"drawMode":0,"name":"Shaded","section":"Shading Mode"},"sceneLighting":true,"audioPlay":false,"sceneViewState":{"showFog":true,"showMaterialUpdate":false,"showSkybox":true,"showFlares":true,"showImageEffects":true,"showParticleSystems":true},"in2DMode":false,"pivot":{"x":-34.2663459777832,"y":58.81396484375,"z":-0.7172354459762573},"rotation":{"x":-0.1982680857181549,"y":-0.6843309998512268,"z":0.20180009305477143,"w":-0.6721048951148987},"size":48.933292388916019,"orthographic":false}