{"cameraMode":{"drawMode":0,"name":"Shaded","section":"Shading Mode"},"sceneLighting":true,"audioPlay":false,"sceneViewState":{"showFog":true,"showMaterialUpdate":false,"showSkybox":true,"showFlares":true,"showImageEffects":true,"showParticleSystems":true},"in2DMode":false,"pivot":{"x":-43.530250549316409,"y":-13.095935821533204,"z":98.39269256591797},"rotation":{"x":-0.047877661883831027,"y":0.9514445066452026,"z":-0.1956527680158615,"w":-0.23284858465194703},"size":286.99322509765627,"orthographic":false}