{"cameraMode":{"drawMode":0,"name":"Shaded","section":"Shading Mode"},"sceneLighting":true,"audioPlay":false,"sceneViewState":{"showFog":true,"showMaterialUpdate":false,"showSkybox":true,"showFlares":true,"showImageEffects":true,"showParticleSystems":true},"in2DMode":false,"pivot":{"x":-3.4107017517089845,"y":-23.07525634765625,"z":105.71676635742188},"rotation":{"x":-0.05558581277728081,"y":0.9425821304321289,"z":-0.26118141412734988,"w":-0.20060811936855317},"size":169.2462921142578,"orthographic":false}