{"cameraMode":{"drawMode":0,"name":"Shaded","section":"Shading Mode"},"sceneLighting":true,"audioPlay":false,"sceneViewState":{"showFog":true,"showMaterialUpdate":false,"showSkybox":true,"showFlares":true,"showImageEffects":true,"showParticleSystems":true},"in2DMode":false,"pivot":{"x":37.61668014526367,"y":14.175094604492188,"z":156.0286102294922},"rotation":{"x":-0.049681659787893298,"y":0.9455140829086304,"z":-0.2711799740791321,"w":-0.17322660982608796},"size":130.3560791015625,"orthographic":false}