{"cameraMode":{"drawMode":0,"name":"Shaded","section":"Shading Mode"},"sceneLighting":true,"audioPlay":false,"sceneViewState":{"showFog":true,"showMaterialUpdate":false,"showSkybox":true,"showFlares":true,"showImageEffects":true,"showParticleSystems":true},"in2DMode":false,"pivot":{"x":207.44297790527345,"y":0.8987712860107422,"z":316.589599609375},"rotation":{"x":0.18905268609523774,"y":-0.7465952038764954,"z":0.23860400915145875,"w":0.5916572213172913},"size":24.66219139099121,"orthographic":false}