{"cameraMode":{"drawMode":0,"name":"Shaded","section":"Shading Mode"},"sceneLighting":true,"audioPlay":false,"sceneViewState":{"showFog":true,"showMaterialUpdate":false,"showSkybox":true,"showFlares":true,"showImageEffects":true,"showParticleSystems":true},"in2DMode":false,"pivot":{"x":535.2555541992188,"y":30.551965713500978,"z":102.37783813476563},"rotation":{"x":-0.23081375658512116,"y":0.6057151556015015,"z":-0.1895684450864792,"w":-0.7375026345252991},"size":51.56947708129883,"orthographic":false}