{"cameraMode":{"drawMode":0,"name":"Shaded","section":"Shading Mode"},"sceneLighting":true,"audioPlay":false,"sceneViewState":{"showFog":true,"showMaterialUpdate":false,"showSkybox":true,"showFlares":true,"showImageEffects":true,"showParticleSystems":true},"in2DMode":false,"pivot":{"x":195.2284698486328,"y":-1.5565071105957032,"z":328.3885498046875},"rotation":{"x":0.2087395042181015,"y":-0.6679540872573853,"z":0.2035275399684906,"w":0.6848484873771668},"size":48.45408630371094,"orthographic":false}