{"cameraMode":{"drawMode":0,"name":"Shaded","section":"Shading Mode"},"sceneLighting":true,"audioPlay":false,"sceneViewState":{"showFog":true,"showMaterialUpdate":false,"showSkybox":true,"showFlares":true,"showImageEffects":true,"showParticleSystems":true},"in2DMode":false,"pivot":{"x":-9.719999313354493,"y":21.970001220703126,"z":96.27999877929688},"rotation":{"x":-0.1931268721818924,"y":0.745595395565033,"z":-0.24445994198322297,"w":-0.589123010635376},"size":14.596672058105469,"orthographic":false}