{"cameraMode":{"drawMode":0,"name":"Shaded","section":"Shading Mode"},"sceneLighting":true,"audioPlay":false,"sceneViewState":{"showFog":true,"showMaterialUpdate":false,"showSkybox":true,"showFlares":true,"showImageEffects":true,"showParticleSystems":true},"in2DMode":false,"pivot":{"x":447.37030029296877,"y":13.607966423034668,"z":236.15846252441407},"rotation":{"x":0.23274078965187074,"y":-0.7304074168205261,"z":0.2992616593837738,"w":0.5682486891746521},"size":6.591005802154541,"orthographic":false}