{"cameraMode":{"drawMode":0,"name":"Shaded","section":"Shading Mode"},"sceneLighting":true,"audioPlay":false,"sceneViewState":{"showFog":true,"showMaterialUpdate":false,"showSkybox":true,"showFlares":true,"showImageEffects":true,"showParticleSystems":true},"in2DMode":false,"pivot":{"x":273.65313720703127,"y":2.410238265991211,"z":239.46322631835938},"rotation":{"x":0.04543370008468628,"y":0.9545666575431824,"z":-0.20676429569721223,"w":0.2097555696964264},"size":90.08418273925781,"orthographic":false}