{"cameraMode":{"drawMode":0,"name":"Shaded","section":"Shading Mode"},"sceneLighting":true,"audioPlay":false,"sceneViewState":{"showFog":true,"showMaterialUpdate":false,"showSkybox":true,"showFlares":true,"showImageEffects":true,"showParticleSystems":true},"in2DMode":false,"pivot":{"x":251.02096557617188,"y":8.82800579071045,"z":147.11752319335938},"rotation":{"x":0.21777139604091645,"y":0.5057594776153565,"z":-0.13355323672294618,"w":0.8240495324134827},"size":122.8231201171875,"orthographic":false}