{"cameraMode":{"drawMode":0,"name":"Shaded","section":"Shading Mode"},"sceneLighting":true,"audioPlay":false,"sceneViewState":{"showFog":true,"showMaterialUpdate":false,"showSkybox":true,"showFlares":true,"showImageEffects":true,"showParticleSystems":true},"in2DMode":false,"pivot":{"x":324.5550231933594,"y":-81.46867370605469,"z":-35.992950439453128},"rotation":{"x":0.02269928902387619,"y":0.9719519019126892,"z":-0.20900674164295197,"w":0.1056724488735199},"size":290.6537170410156,"orthographic":false}