{"cameraMode":{"drawMode":0,"name":"Shaded","section":"Shading Mode"},"sceneLighting":true,"audioPlay":false,"sceneViewState":{"showFog":true,"showMaterialUpdate":false,"showSkybox":true,"showFlares":true,"showImageEffects":true,"showParticleSystems":true},"in2DMode":false,"pivot":{"x":-2.3105716705322267,"y":-1.0024471282958985,"z":2.5894415378570558},"rotation":{"x":-0.21584579348564149,"y":0.6564642786979675,"z":-0.2043706178665161,"w":-0.6933240294456482},"size":22.0,"orthographic":false}