{"cameraMode":{"drawMode":0,"name":"Shaded","section":"Shading Mode"},"sceneLighting":true,"audioPlay":false,"sceneViewState":{"showFog":true,"showMaterialUpdate":false,"showSkybox":true,"showFlares":true,"showImageEffects":true,"showParticleSystems":true},"in2DMode":false,"pivot":{"x":15.924428939819336,"y":16.78888702392578,"z":-0.6688524484634399},"rotation":{"x":0.22126425802707673,"y":-0.5515177249908447,"z":0.1546015739440918,"w":0.7893090844154358},"size":14.48466682434082,"orthographic":false}