{"cameraMode":{"drawMode":0,"name":"Shaded","section":"Shading Mode"},"sceneLighting":true,"audioPlay":false,"sceneViewState":{"showFog":true,"showMaterialUpdate":false,"showSkybox":true,"showFlares":true,"showImageEffects":true,"showParticleSystems":true},"in2DMode":false,"pivot":{"x":270.4197998046875,"y":15.857917785644532,"z":135.99510192871095},"rotation":{"x":-0.24453696608543397,"y":-0.5023332238197327,"z":0.15064898133277894,"w":-0.8156200051307678},"size":41.27642059326172,"orthographic":false}