{"cameraMode":{"drawMode":0,"name":"Shaded","section":"Shading Mode"},"sceneLighting":true,"audioPlay":false,"sceneViewState":{"showFog":true,"showMaterialUpdate":false,"showSkybox":true,"showFlares":true,"showImageEffects":true,"showParticleSystems":true},"in2DMode":false,"pivot":{"x":266.2089538574219,"y":50.739044189453128,"z":22.951263427734376},"rotation":{"x":-0.21871981024742127,"y":0.6834298968315125,"z":-0.6584819555282593,"w":-0.22699737548828126},"size":400.8215637207031,"orthographic":false}