{"cameraMode":{"drawMode":0,"name":"Shaded","section":"Shading Mode"},"sceneLighting":true,"audioPlay":false,"sceneViewState":{"showFog":true,"showMaterialUpdate":false,"showSkybox":true,"showFlares":true,"showImageEffects":true,"showParticleSystems":true},"in2DMode":false,"pivot":{"x":14.524354934692383,"y":13.228059768676758,"z":4.773452281951904},"rotation":{"x":-0.18919150531291963,"y":0.6170970797538757,"z":-0.1561136245727539,"w":-0.7477030158042908},"size":7.566582202911377,"orthographic":false}