{"cameraMode":{"drawMode":0,"name":"Shaded","section":"Shading Mode"},"sceneLighting":true,"audioPlay":false,"sceneViewState":{"showFog":true,"showMaterialUpdate":false,"showSkybox":true,"showFlares":true,"showImageEffects":true,"showParticleSystems":true},"in2DMode":false,"pivot":{"x":20.348087310791017,"y":7.563796520233154,"z":7.23213005065918},"rotation":{"x":0.25201937556266787,"y":-0.3794402778148651,"z":0.1081789955496788,"w":0.8836580514907837},"size":21.441116333007814,"orthographic":false}