{"cameraMode":{"drawMode":0,"name":"Shaded","section":"Shading Mode"},"sceneLighting":true,"audioPlay":false,"sceneViewState":{"showFog":true,"showMaterialUpdate":false,"showSkybox":true,"showFlares":true,"showImageEffects":true,"showParticleSystems":true},"in2DMode":false,"pivot":{"x":263.6183776855469,"y":1.422664999961853,"z":159.4732666015625},"rotation":{"x":-0.16806161403656007,"y":-0.8292603492736816,"z":0.4116940200328827,"w":-0.3385286331176758},"size":151.28024291992188,"orthographic":false}