{"cameraMode":{"drawMode":0,"name":"Shaded","section":"Shading Mode"},"sceneLighting":true,"audioPlay":false,"sceneViewState":{"showFog":true,"showMaterialUpdate":false,"showSkybox":true,"showFlares":true,"showImageEffects":true,"showParticleSystems":true},"in2DMode":false,"pivot":{"x":231.75863647460938,"y":88.60641479492188,"z":122.41242218017578},"rotation":{"x":0.18162801861763,"y":0.4368221163749695,"z":-0.09044504910707474,"w":0.8764231204986572},"size":160.92520141601563,"orthographic":false}