{"cameraMode":{"drawMode":0,"name":"Shaded","section":"Shading Mode"},"sceneLighting":false,"audioPlay":false,"sceneViewState":{"showFog":true,"showMaterialUpdate":false,"showSkybox":false,"showFlares":true,"showImageEffects":true,"showParticleSystems":true},"in2DMode":false,"pivot":{"x":13.829378128051758,"y":13.526193618774414,"z":4.759092807769775},"rotation":{"x":0.26904532313346865,"y":0.5854547023773193,"z":-0.21457204222679139,"w":0.7340579032897949},"size":6.013332843780518,"orthographic":false}