{"cameraMode":{"drawMode":0,"name":"Shaded","section":"Shading Mode"},"sceneLighting":true,"audioPlay":false,"sceneViewState":{"showFog":true,"showMaterialUpdate":false,"showSkybox":true,"showFlares":true,"showImageEffects":true,"showParticleSystems":true},"in2DMode":false,"pivot":{"x":15.213240623474121,"y":13.849632263183594,"z":4.394872188568115},"rotation":{"x":-0.1702519804239273,"y":0.5581476092338562,"z":-0.11826477944850922,"w":-0.8034416437149048},"size":5.788846015930176,"orthographic":false}