{"cameraMode":{"drawMode":0,"name":"Shaded","section":"Shading Mode"},"sceneLighting":true,"audioPlay":false,"sceneViewState":{"showFog":true,"showMaterialUpdate":false,"showSkybox":true,"showFlares":true,"showImageEffects":true,"showParticleSystems":true},"in2DMode":false,"pivot":{"x":279.7802429199219,"y":7.0714921951293949,"z":200.3173828125},"rotation":{"x":-0.11791153997182846,"y":-0.8119726777076721,"z":0.17583058774471284,"w":-0.5440402626991272},"size":174.88929748535157,"orthographic":false}