{"cameraMode":{"drawMode":0,"name":"Shaded","section":"Shading Mode"},"sceneLighting":true,"audioPlay":false,"sceneViewState":{"showFog":true,"showMaterialUpdate":false,"showSkybox":true,"showFlares":true,"showImageEffects":true,"showParticleSystems":true},"in2DMode":false,"pivot":{"x":12.919036865234375,"y":6.302637100219727,"z":2.5869674682617189},"rotation":{"x":-0.28815287351608279,"y":0.2512015402317047,"z":-0.07861759513616562,"w":-0.92071533203125},"size":22.58647918701172,"orthographic":false}